{
  "Local_X": {
    "mean": 34.654808115316726,
    "std": 19.573241664486684
  },
  "Local_Y": {
    "mean": 950.9312728839445,
    "std": 544.9597120118332
  }
}