{
  "overall_rmse": {
    "vt": 0.01670137166646287,
    "euclid": 0.0016778719798196276,
    "relative_euclid_vs_vt_percent": -89.9536875519727
  },
  "ade_fde_ev_only": {
    "vt": {
      "ADE": 0.012738174236251646,
      "FDE": 0.006078312195927264
    },
    "euclid": {
      "ADE": 0.0007678314438785415,
      "FDE": 0.00023268964395944372
    }
  },
  "per_dimension_rmse": {
    "vt": [
      0.027955051511526108,
      0.027593165636062622,
      0.010612456128001213,
      0.01000348199158907,
      0.012563408352434635,
      0.010634436272084713,
      0.018564611673355103,
      0.009973615407943726,
      0.015344524756073952,
      0.01061323657631874,
      0.0173333790153265,
      0.010073096491396427,
      0.0158369243144989,
      0.009302731603384018
    ],
    "euclid": [
      0.002058616606518626,
      0.0020329346880316734,
      0.00174490746576339,
      0.001436440390534699,
      0.0013999179936945438,
      0.0012893849052488804,
      0.0018974791746586561,
      0.0014495716895908117,
      0.001839056028984487,
      0.0013260042760521173,
      0.0019018191378563643,
      0.0014100761618465185,
      0.0018487119814381003,
      0.001339909853413701
    ]
  },
  "per_timestep_rmse": {
    "vt": [
      0.04498668387532234,
      0.0322871170938015,
      0.020411035045981407,
      0.014521514996886253,
      0.011708364821970463,
      0.009914941154420376,
      0.009406405501067638,
      0.008847780525684357,
      0.009111831896007061,
      0.009215890429913998,
      0.009562601335346699,
      0.009202927350997925,
      0.010056020691990852,
      0.010495806112885475,
      0.010860728099942207,
      0.0109714325517416,
      0.012223082594573498,
      0.012103548273444176,
      0.013203212060034275,
      0.01278671808540821,
      0.013991535641252995,
      0.014186308719217777,
      0.015612073242664337,
      0.015051336959004402,
      0.017310382798314095
    ],
    "euclid": [
      0.004157590214163065,
      0.00506011163815856,
      0.0024407398886978626,
      0.0014875993365421891,
      0.0011010426096618176,
      0.0009241410298272967,
      0.0008331892895512283,
      0.0007855698931962252,
      0.000767021847423166,
      0.0007499141502194107,
      0.0007520613726228476,
      0.0007552680908702314,
      0.0007612599292770028,
      0.0007696308312006295,
      0.000771473569329828,
      0.0007783257169649005,
      0.0007900428608991206,
      0.0008091932395473123,
      0.0008144409512169659,
      0.0008171559311449528,
      0.0008195157861337066,
      0.0008434632909484208,
      0.0008492234628647566,
      0.000862390617839992,
      0.0008534077205695212
    ]
  },
  "counts": {
    "N": 6225,
    "T": 25,
    "D": 14
  }
}